Middle_depth,Nostoc,Scytonema,Saccharomyces,Aspergillus,Epichloe,Nannochloropsis,Ichthyophthirius,Lumbricus,Biomphalaria,Culex,Drosophila,Phasianus,Sorex,Microtus,Monoraphidium,Hirsutella,Leptolyngbya,Armillaria,Lachnellula,Darwinula,Aphanomyces,Nemurella,Isoperla,Chamaesiphon,Oppiella,Myodes,Dolichospermum,Boeremia,Ilyonectria,Schizostauron,Chlamydomonas,Colletotrichum,Tubifex,Daphnia,Gallus,Sus,Ovis,Brettanomyces,Nemoura,Eurytemora,Mychonastes,Limnephilus,Synechococcus,Pseudanabaena,Oscillatoria,Melampsora,Puccinia,Suillus,Melolontha,Salmo,Bufo,Rana,Myotis,Homo,Capra,Acomys,Rattus,Pipistrellus,Coregonus,Barbus,Hyaloscypha,Leuctra,Cyanobium,Aphanizomenon,Calothrix,Hydrurus,Eimeria,Caenorhabditis,Ixodes,Anopheles,Acipenser,Botrytis,Coccomyxa,Coniophora,Megachile,Auxenochlorella,Notodromas,Parasteatoda,Parastagonospora,Nitella,Phytophthora,Aureobasidium,Dolichovespula,Perca,Equus,Arvicola,Mus,Gloeobacter,Asterionella,Microcoleus,Planktothrix,Piscicola,Varroa,Polydrusus,Parastrongyloides,Cyanistes,Cyprideis,Psylliodes,Discostella,Ulnaria,Acrobasis,Sphaerospermopsis,Tilletiopsis,Skeletonema,Talaromyces,Ustilago,Plasmodium,Cyprinus,Salvelinus,Meles,Bison,Bos,Diaporthe,Pseudogymnoascus,Operophtera,Brachyptera,Thermosynechococcus,Truncatella,Bibio,Rhizophagus,Medioppia,Anabaena,Debaryomyces,Metarhizium,Chironomus,Priapulus,Daldinia,Cordyceps,Geitlerinema,Paraphaeosphaeria,Sicus,Kovacikia,Alternaria,Rhagoletis,Bombus,Andrena,Peronospora,Morchella,Vulpes,Castor,Tuber,Hypoxylon,Cylindrospermum,Aphis,Xestia,Hydra,Thalassiosira,Neonectria,Pochonia,Cryptomonas,Acyrthosiphon,Talpa,Glyphotaelius,Esox,Gaeumannomyces,Balearica,Chroococcidiopsis,Spiniferodinium,Scherffelia,Fusarium,Anguilla,Erinaceus,Sciurus,Epinotia,Erithacus,Choricystis,Tenthredo,Diaphanosoma,Phosphuga,Heterocope,Hygrocybe,Mollisia,Sheathia,Eubosmina,Cosmia,Lutra,Cervus,Amphipyra,Anas,Mustela,Lymantria,Phaeoacremonium,Oryctolagus,Eptesicus,Ennomos,Carassius,Gavia,Philonthus,Trachydiscus,Didymosphenia,Monodopsis,Paxillus,Trichoderma,Myzus,Chara,Wolfiporia,Crinalium,Annulohypoxylon,Helobdella,Formica,Rangifer,Lagopus
0.0,43,11,25,29,13,74,17,319,12,21,34,14,12,15,26,12,95,149,25,163,11,16,13,55,11,24,179,32,15,11,0,0,0,0,0,0,0,0,0,0,0,0,0,0,0,0,0,0,0,0,0,0,0,0,0,0,0,0,0,0,0,0,0,0,0,0,0,0,0,0,0,0,0,0,0,0,0,0,0,0,0,0,0,0,0,0,0,0,0,0,0,0,0,0,0,0,0,0,0,0,0,0,0,0,0,0,0,0,0,0,0,0,0,0,0,0,0,0,0,0,0,0,0,0,0,0,0,0,0,0,0,0,0,0,0,0,0,0,0,0,0,0,0,0,0,0,0,0,0,0,0,0,0,0,0,0,0,0,0,0,0,0,0,0,0,0,0,0,0,0,0,0,0,0,0,0,0,0,0,0,0,0,0,0,0,0,0,0,0,0,0,0,0,0,0,0,0,0,0,0,0,0
10.5,0,0,0,0,0,52,0,0,0,0,0,0,0,0,0,0,80,20,0,0,0,0,0,0,0,0,0,0,0,0,34,13,26,68,91,160,17,745,12,40,50,23,0,0,0,0,0,0,0,0,0,0,0,0,0,0,0,0,0,0,0,0,0,0,0,0,0,0,0,0,0,0,0,0,0,0,0,0,0,0,0,0,0,0,0,0,0,0,0,0,0,0,0,0,0,0,0,0,0,0,0,0,0,0,0,0,0,0,0,0,0,0,0,0,0,0,0,0,0,0,0,0,0,0,0,0,0,0,0,0,0,0,0,0,0,0,0,0,0,0,0,0,0,0,0,0,0,0,0,0,0,0,0,0,0,0,0,0,0,0,0,0,0,0,0,0,0,0,0,0,0,0,0,0,0,0,0,0,0,0,0,0,0,0,0,0,0,0,0,0,0,0,0,0,0,0,0,0,0,0,0,0
34.5,0,0,0,0,0,0,0,0,0,21,0,0,0,0,0,0,0,0,0,81,0,0,0,0,0,0,148,0,0,0,0,0,0,0,0,0,0,0,0,31,0,0,667,15,52,73,63,33,19,64,16,76,16,30,45,17,24,15,204,63,24,41,134,0,0,0,0,0,0,0,0,0,0,0,0,0,0,0,0,0,0,0,0,0,0,0,0,0,0,0,0,0,0,0,0,0,0,0,0,0,0,0,0,0,0,0,0,0,0,0,0,0,0,0,0,0,0,0,0,0,0,0,0,0,0,0,0,0,0,0,0,0,0,0,0,0,0,0,0,0,0,0,0,0,0,0,0,0,0,0,0,0,0,0,0,0,0,0,0,0,0,0,0,0,0,0,0,0,0,0,0,0,0,0,0,0,0,0,0,0,0,0,0,0,0,0,0,0,0,0,0,0,0,0,0,0,0,0,0,0,0,0
64.5,0,0,0,0,27,0,0,0,0,0,0,0,17,67,0,0,95,0,0,103,0,0,0,99,0,0,0,0,0,0,0,0,0,0,0,64,0,0,0,0,0,21,0,0,74,0,0,12,0,0,0,86,0,42,0,10,0,25,123,89,0,0,339,66,32,11,28,12,10,21,10,74,19,14,10,24,23,10,10,0,0,0,0,0,0,0,0,0,0,0,0,0,0,0,0,0,0,0,0,0,0,0,0,0,0,0,0,0,0,0,0,0,0,0,0,0,0,0,0,0,0,0,0,0,0,0,0,0,0,0,0,0,0,0,0,0,0,0,0,0,0,0,0,0,0,0,0,0,0,0,0,0,0,0,0,0,0,0,0,0,0,0,0,0,0,0,0,0,0,0,0,0,0,0,0,0,0,0,0,0,0,0,0,0,0,0,0,0,0,0,0,0,0,0,0,0,0,0,0,0,0,0
84.5,0,0,0,0,0,0,0,235,18,0,0,10,0,0,0,0,0,56,0,115,0,0,0,86,0,79,0,16,0,0,0,0,0,91,26,0,0,0,0,0,0,0,0,0,0,19,0,0,0,0,0,0,0,21,0,0,0,0,217,62,0,0,365,77,0,0,0,0,14,0,0,84,0,0,0,0,0,0,25,38,10,54,12,482,13,35,47,30,350,21,14,21,10,15,11,14,33,27,68,77,10,10,13,0,0,0,0,0,0,0,0,0,0,0,0,0,0,0,0,0,0,0,0,0,0,0,0,0,0,0,0,0,0,0,0,0,0,0,0,0,0,0,0,0,0,0,0,0,0,0,0,0,0,0,0,0,0,0,0,0,0,0,0,0,0,0,0,0,0,0,0,0,0,0,0,0,0,0,0,0,0,0,0,0,0,0,0,0,0,0,0,0,0,0,0,0,0,0,0,0,0,0
102.0,0,0,0,0,0,0,0,0,0,28,0,0,0,100,0,0,0,0,0,175,0,0,0,94,35,243,307,0,0,0,0,19,0,0,71,213,62,55,0,0,0,0,0,0,98,0,0,0,0,109,0,0,0,42,0,0,0,0,145,126,16,95,0,35,0,0,38,0,0,20,0,453,0,0,0,0,0,0,0,0,17,183,0,603,77,158,0,0,532,0,0,0,0,0,0,0,0,30,0,117,0,0,0,28,14,68,63,72,61,25,11,61,17,15,30,13,13,54,116,495,27,0,0,0,0,0,0,0,0,0,0,0,0,0,0,0,0,0,0,0,0,0,0,0,0,0,0,0,0,0,0,0,0,0,0,0,0,0,0,0,0,0,0,0,0,0,0,0,0,0,0,0,0,0,0,0,0,0,0,0,0,0,0,0,0,0,0,0,0,0,0,0,0,0,0,0,0,0,0,0,0,0
122.0,0,0,95,0,0,0,0,545,0,0,46,0,15,46,0,63,0,0,15,113,0,24,0,81,0,191,266,0,0,0,0,0,0,0,0,133,193,0,32,0,0,38,683,19,0,253,0,0,19,98,41,112,19,0,0,0,0,0,112,45,16,0,331,0,27,0,0,0,0,0,0,0,0,0,0,0,0,0,30,0,0,0,0,0,0,36,45,0,0,0,0,0,0,0,0,0,0,33,0,0,0,0,0,0,0,0,0,0,0,0,0,49,0,0,0,0,0,0,0,0,0,111,14,87,14,24,16,16,14,21,19,16,0,0,0,0,0,0,0,0,0,0,0,0,0,0,0,0,0,0,0,0,0,0,0,0,0,0,0,0,0,0,0,0,0,0,0,0,0,0,0,0,0,0,0,0,0,0,0,0,0,0,0,0,0,0,0,0,0,0,0,0,0,0,0,0,0,0,0,0,0,0
152.0,0,19,0,0,0,0,0,0,0,0,0,0,0,0,0,35,0,0,0,138,0,0,0,145,0,0,474,49,25,0,0,0,0,0,0,309,174,0,0,0,0,0,0,0,86,0,0,0,0,92,23,135,0,0,0,0,0,0,0,126,0,0,0,0,36,11,33,0,0,0,0,41,0,0,0,0,0,0,21,33,0,0,0,175,0,0,0,0,393,32,0,0,0,0,0,0,0,0,0,0,0,0,13,0,0,67,54,0,65,0,0,0,12,0,0,0,0,0,0,0,20,195,0,0,0,0,0,0,0,0,0,0,35,20,10,11,11,0,0,0,0,0,0,0,0,0,0,0,0,0,0,0,0,0,0,0,0,0,0,0,0,0,0,0,0,0,0,0,0,0,0,0,0,0,0,0,0,0,0,0,0,0,0,0,0,0,0,0,0,0,0,0,0,0,0,0,0,0,0,0,0,0
182.0,0,0,0,0,64,0,0,622,0,0,0,0,0,61,0,82,0,0,12,71,0,0,0,94,28,243,0,0,29,0,0,24,0,0,0,316,246,0,0,0,0,0,0,0,0,0,0,0,22,76,0,101,0,19,99,0,0,0,92,0,210,0,0,0,27,0,19,0,0,0,0,0,20,0,0,0,0,0,0,0,0,0,0,136,0,0,0,0,172,36,0,0,0,0,0,0,0,12,72,0,0,0,0,0,0,47,0,11,45,0,0,11,40,0,0,0,0,51,0,0,0,130,0,0,0,0,0,12,0,0,0,0,0,0,0,0,0,15,12,15,11,13,21,11,10,0,0,0,0,0,0,0,0,0,0,0,0,0,0,0,0,0,0,0,0,0,0,0,0,0,0,0,0,0,0,0,0,0,0,0,0,0,0,0,0,0,0,0,0,0,0,0,0,0,0,0,0,0,0,0,0,0
209.0,0,0,0,0,48,0,0,0,15,0,0,0,0,57,0,0,91,0,0,0,0,0,0,69,0,293,0,0,36,0,0,0,0,0,17,273,152,0,0,0,0,0,0,0,61,0,0,0,36,0,0,0,0,0,95,12,25,0,166,51,127,0,0,0,0,0,0,0,0,0,13,0,0,0,0,0,0,0,0,65,12,0,0,167,0,66,0,0,0,33,0,0,0,0,0,0,28,0,0,0,0,0,0,0,0,33,0,0,57,0,0,0,0,0,0,0,0,0,0,490,0,115,0,0,0,0,0,0,0,0,0,0,0,0,0,0,0,0,0,0,0,0,0,0,0,33,91,13,30,0,0,0,0,0,0,0,0,0,0,0,0,0,0,0,0,0,0,0,0,0,0,0,0,0,0,0,0,0,0,0,0,0,0,0,0,0,0,0,0,0,0,0,0,0,0,0,0,0,0,0,0,0
229.0,0,0,0,0,0,0,0,0,0,0,0,0,0,47,10,53,0,233,0,131,0,0,41,0,0,512,440,49,0,0,0,0,0,0,0,326,191,0,0,0,0,0,0,0,76,0,0,0,0,123,0,108,0,0,106,0,0,0,147,0,0,0,0,47,0,0,0,0,0,0,0,0,0,0,0,0,0,0,25,94,0,0,0,272,0,0,0,0,246,23,0,0,0,0,0,0,0,0,92,0,0,0,0,0,0,41,0,0,0,0,0,0,30,0,0,0,0,0,0,0,0,178,0,72,0,0,0,0,0,15,0,0,0,0,0,0,0,0,0,0,0,0,0,0,0,0,108,0,0,25,11,84,10,0,0,0,0,0,0,0,0,0,0,0,0,0,0,0,0,0,0,0,0,0,0,0,0,0,0,0,0,0,0,0,0,0,0,0,0,0,0,0,0,0,0,0,0,0,0,0,0,0
269.0,0,0,0,58,16,0,0,0,0,0,0,0,0,0,0,0,0,344,0,99,0,0,39,151,0,0,396,116,0,0,17,17,0,0,0,0,53,0,0,61,0,0,0,0,71,50,0,0,0,166,0,127,0,0,37,0,0,0,235,0,0,314,0,50,0,11,0,0,0,0,0,0,0,0,0,0,0,0,0,0,0,0,0,287,0,76,34,0,79,16,22,0,0,0,0,0,19,0,87,0,0,0,0,0,0,0,0,0,101,0,0,0,37,0,0,0,0,0,0,238,0,156,0,0,0,0,19,0,0,0,0,0,0,0,0,0,0,0,0,0,0,0,0,0,0,0,0,0,0,0,0,93,0,41,12,14,13,14,0,0,0,0,0,0,0,0,0,0,0,0,0,0,0,0,0,0,0,0,0,0,0,0,0,0,0,0,0,0,0,0,0,0,0,0,0,0,0,0,0,0,0,0
300.5,103,0,0,0,0,20,0,623,0,0,0,0,38,0,0,70,0,378,0,142,16,58,0,129,16,450,512,0,0,0,0,0,0,0,0,281,44,0,0,539,0,0,0,23,54,122,0,0,0,231,44,237,0,12,0,0,25,0,506,130,0,218,239,0,37,13,0,0,0,0,0,0,0,0,10,19,0,0,0,0,16,0,0,0,0,0,0,14,284,25,0,26,0,0,0,0,0,0,0,79,0,0,0,0,0,0,68,0,122,0,0,0,0,0,0,0,0,0,0,395,68,232,0,0,18,27,0,0,0,0,0,0,0,0,0,0,0,0,0,230,0,0,0,0,0,0,0,0,0,70,0,0,0,0,0,0,0,11,15,13,10,16,20,10,48,10,18,54,13,32,0,0,0,0,0,0,0,0,0,0,0,0,0,0,0,0,0,0,0,0,0,0,0,0,0,0,0,0,0,0,0,0
350.5,123,0,0,0,0,0,0,472,0,0,0,0,0,0,0,0,0,631,27,0,0,0,38,122,31,393,318,58,42,0,0,0,0,0,0,27,117,0,21,0,0,0,0,17,0,0,22,0,0,81,0,120,0,0,36,0,0,0,209,94,161,181,173,0,0,0,0,0,0,0,0,0,0,0,0,0,0,0,0,0,0,0,0,322,0,38,0,0,350,49,0,0,20,0,0,0,0,0,0,83,0,0,0,0,0,17,0,0,0,0,0,0,0,0,0,0,0,0,0,0,0,114,0,102,0,0,21,0,0,0,0,0,0,0,0,0,0,24,0,0,0,0,28,0,0,0,104,15,0,0,0,80,0,0,0,0,0,0,0,0,0,0,0,0,0,0,0,0,0,0,14,18,16,0,0,0,0,0,0,0,0,0,0,0,0,0,0,0,0,0,0,0,0,0,0,0,0,0,0,0,0,0
408.0,86,0,0,0,0,0,0,0,0,0,0,0,0,0,0,34,0,0,0,0,0,0,0,0,0,1038,0,0,0,0,0,0,0,0,0,247,0,0,25,0,0,0,0,17,0,17,0,0,0,184,0,0,0,0,68,0,0,0,170,0,0,374,0,0,0,0,0,0,0,0,0,0,0,0,0,0,0,0,0,23,0,0,0,453,0,85,0,0,467,0,0,0,0,0,0,0,0,0,0,119,0,0,0,0,0,0,0,0,0,0,0,0,0,0,0,0,0,31,0,0,0,0,0,0,0,0,0,0,0,0,0,0,0,0,0,0,0,0,0,193,0,0,0,0,0,0,0,0,0,0,0,0,0,0,0,0,0,0,0,0,0,0,0,0,0,0,0,19,0,0,0,0,0,0,0,0,0,0,0,0,0,0,0,0,0,0,0,0,0,0,0,0,0,0,0,0,0,0,0,0,0,0
447.5,0,0,0,0,0,0,0,0,0,0,0,0,32,63,0,0,0,0,0,0,0,0,0,0,0,758,0,0,28,0,0,0,0,0,0,62,88,0,0,0,0,0,0,0,0,0,0,0,0,147,0,142,0,21,0,0,0,41,190,141,0,270,0,0,0,0,0,0,0,0,0,0,0,0,0,0,0,0,0,0,0,61,0,372,0,108,0,0,556,0,0,0,0,0,0,0,0,0,56,0,0,0,0,0,0,0,0,0,87,0,0,0,66,0,28,0,0,30,0,205,0,0,0,116,0,0,0,0,0,0,0,0,0,0,0,0,0,0,0,37,0,65,0,0,0,0,0,0,0,0,0,20,0,0,0,0,0,0,0,0,0,0,0,0,0,0,0,0,0,0,0,0,0,21,0,0,0,0,0,0,0,0,0,0,0,0,0,0,0,0,0,0,0,0,0,0,0,0,0,0,0,0
500.5,103,0,0,29,0,0,0,404,0,0,0,0,0,0,0,0,0,0,0,0,0,0,67,0,0,589,0,24,30,0,0,0,0,0,0,150,0,0,0,0,0,0,0,0,0,0,0,0,0,187,0,149,0,28,47,0,0,54,260,132,0,309,0,0,0,0,0,0,0,0,0,0,0,0,0,0,0,0,0,25,0,45,0,420,0,165,0,0,563,22,39,0,0,0,0,0,36,0,74,125,0,0,0,0,0,0,0,0,114,0,0,0,0,0,20,0,0,0,0,0,0,0,0,0,0,0,0,0,0,0,0,0,0,0,0,0,0,0,0,0,0,0,0,0,0,0,114,0,0,0,0,134,0,44,0,0,0,0,19,0,0,0,0,0,0,0,0,50,0,0,0,0,0,0,16,0,0,0,0,0,0,0,0,0,0,0,0,0,0,0,0,0,0,0,0,0,0,0,0,0,0,0
550.5,43,0,0,0,0,0,0,145,0,0,0,0,0,27,0,0,0,0,11,0,0,0,0,0,25,262,0,0,0,0,0,0,0,0,0,36,0,0,0,46,0,0,0,0,0,0,0,0,0,119,0,64,0,0,0,0,0,0,208,50,0,140,207,0,0,0,0,0,0,0,0,0,0,0,0,0,0,0,0,0,0,19,0,503,0,24,0,0,600,0,196,0,0,0,0,0,0,0,39,0,0,0,0,0,0,0,0,0,55,0,0,0,0,0,0,0,0,0,0,0,0,0,0,0,0,0,0,0,0,0,0,0,0,0,0,0,0,0,0,23,0,0,0,0,0,0,74,0,0,0,0,54,0,46,0,0,0,0,24,0,0,0,0,0,0,0,0,0,10,0,0,0,0,25,0,14,0,0,0,0,0,0,0,0,0,0,0,0,0,0,0,0,0,0,0,0,0,0,0,0,0,0
605.5,0,0,0,0,0,0,0,283,0,0,0,0,49,63,0,59,60,391,0,0,0,0,54,91,0,989,0,0,19,0,0,21,0,0,0,103,0,0,24,0,0,20,0,15,0,31,0,0,0,107,26,114,0,17,33,0,0,0,134,79,0,332,310,0,0,0,0,0,0,0,0,0,0,0,0,0,20,0,0,0,0,0,0,208,0,49,0,0,297,17,77,17,0,0,0,0,0,0,60,0,0,0,0,0,0,0,23,0,30,0,0,11,0,0,0,0,0,0,0,203,66,0,0,21,0,0,24,0,0,0,0,0,0,0,0,0,0,0,0,0,0,24,0,0,0,0,124,28,0,0,0,237,0,28,0,0,0,0,0,16,0,0,0,0,0,0,0,0,0,0,0,0,0,0,0,0,0,0,0,0,0,0,0,0,0,0,0,0,0,0,0,0,0,0,0,0,0,0,0,0,0,0
624.3,0,0,0,27,0,0,0,0,0,0,0,0,0,0,0,68,0,0,0,123,0,0,0,0,0,1203,0,0,0,0,0,0,0,0,0,156,0,11,0,43,0,0,0,0,0,0,0,0,0,126,0,88,0,12,51,0,0,0,137,96,71,392,0,0,0,0,0,0,0,0,0,0,0,0,0,0,19,0,0,0,0,38,0,234,0,172,0,0,179,22,151,0,0,0,0,0,0,0,0,50,0,0,0,0,0,0,0,0,39,0,0,0,0,0,0,0,0,0,0,0,0,0,0,0,0,0,27,0,0,0,0,0,0,0,0,0,0,0,0,0,0,0,0,0,0,0,0,0,0,0,0,0,0,20,0,0,0,0,0,0,0,0,0,0,0,0,0,0,0,0,0,0,0,0,0,0,25,25,0,0,0,0,0,0,0,0,0,0,0,0,0,0,0,0,0,0,0,0,0,0,0,0
644.3,80,0,0,0,0,0,0,341,0,0,0,0,0,80,0,47,0,476,0,0,0,15,0,0,13,1170,0,0,0,0,0,0,0,0,0,307,0,0,0,0,0,0,0,0,0,0,0,0,0,158,36,110,0,0,0,0,31,77,0,88,0,375,0,0,0,0,0,0,0,0,0,0,0,0,0,0,0,0,0,65,0,0,0,208,0,0,0,0,298,0,85,0,0,0,0,0,0,0,0,0,0,0,0,0,0,0,0,0,175,0,0,0,48,0,0,0,0,0,0,237,0,0,0,0,0,0,0,0,0,0,0,0,0,0,0,0,0,0,0,0,0,0,0,0,0,0,0,0,0,0,0,134,0,0,0,0,0,0,0,0,0,0,0,0,0,0,0,0,0,0,0,0,0,20,0,0,25,0,0,0,0,0,0,0,0,0,0,0,0,0,0,0,0,0,0,0,0,0,0,0,0,0
683.4,0,0,0,0,0,0,0,456,0,0,0,0,0,0,0,0,0,0,0,0,0,0,0,86,0,1093,14,0,0,0,0,18,0,0,0,0,0,0,23,0,0,0,0,0,0,0,0,0,0,151,0,136,0,0,0,0,0,0,166,0,0,368,0,0,0,0,0,0,0,0,0,0,0,0,0,0,0,0,0,33,0,0,0,476,0,0,0,0,571,0,104,0,0,0,0,0,0,0,0,62,0,0,0,14,0,0,0,0,0,0,0,0,0,0,29,0,0,0,0,0,0,0,0,0,0,0,41,0,0,0,0,0,0,0,0,0,0,0,0,0,0,10,0,0,0,0,0,23,0,0,0,202,0,0,0,0,0,0,0,0,0,0,0,0,0,0,0,0,0,0,0,0,0,25,0,0,0,0,35,10,36,11,0,0,0,0,0,0,0,0,0,0,0,0,0,0,0,0,0,0,0,0
700.5,66,0,0,0,0,0,0,313,0,0,0,0,0,0,0,0,0,339,0,106,0,0,47,77,0,1539,0,0,19,0,0,0,0,0,0,107,10,0,0,40,0,0,266,0,38,0,0,0,0,155,0,98,0,0,22,0,0,88,311,80,21,357,0,0,0,0,0,0,0,0,0,0,0,0,0,0,0,0,0,52,0,0,0,328,0,0,0,0,422,0,0,0,0,0,0,0,0,0,0,0,0,0,0,0,0,0,0,0,73,0,0,0,0,0,21,0,0,0,0,0,0,0,0,0,0,0,0,0,0,0,0,0,0,0,0,0,0,0,0,0,0,34,0,0,0,0,0,15,0,0,0,39,0,52,0,0,0,0,0,0,0,0,0,0,0,0,0,0,0,0,0,0,0,0,0,0,0,0,0,0,0,0,60,0,0,0,0,0,0,0,0,0,0,0,0,0,0,0,0,0,0,0
750.5,0,0,0,0,0,0,0,343,19,0,0,0,0,0,0,0,0,226,0,149,0,0,0,0,0,989,0,0,0,0,0,0,0,10,0,127,0,0,0,56,0,0,0,0,0,0,0,0,0,121,56,216,0,0,0,0,0,64,154,92,0,181,0,0,0,0,0,0,0,0,0,0,0,0,0,0,0,0,0,0,0,0,0,124,0,121,0,0,755,21,123,0,0,0,0,0,0,0,109,85,0,0,0,0,0,0,0,0,54,0,0,0,0,0,0,0,0,0,0,0,0,0,0,0,0,0,23,0,0,0,0,0,0,0,0,0,0,0,0,0,0,0,0,0,0,0,200,0,0,11,0,0,21,43,0,0,0,0,0,0,11,0,0,0,0,0,0,0,0,0,0,0,18,0,0,0,27,33,0,0,0,0,0,53,92,0,0,0,0,0,0,0,0,0,0,0,0,0,0,0,0,0
804.9,0,0,0,0,0,0,0,297,0,0,0,0,0,88,0,40,0,175,0,0,0,0,0,0,0,849,0,0,0,0,0,0,0,0,0,148,0,0,0,0,0,40,0,0,0,0,0,0,0,95,0,152,0,0,0,0,20,0,116,100,0,157,117,0,0,0,0,0,0,0,0,0,0,0,0,0,0,0,0,0,0,0,0,0,0,0,0,0,504,0,156,0,0,0,0,0,0,0,0,0,0,0,0,0,0,0,0,0,0,0,0,0,0,0,0,0,0,0,0,0,62,0,0,0,0,0,23,0,0,0,0,0,0,0,0,0,0,0,0,38,0,0,0,0,0,0,0,0,0,0,0,259,0,0,0,0,0,0,0,0,0,0,0,0,0,0,0,0,0,0,0,0,0,0,0,0,67,0,0,0,0,0,40,0,0,0,0,0,0,0,0,0,0,0,0,0,0,0,0,0,0,0
845.6,69,0,0,0,0,0,0,365,0,0,0,0,0,0,0,0,49,0,0,0,0,0,0,0,0,1737,0,0,0,0,0,0,0,0,0,146,0,0,0,48,0,0,0,0,35,0,0,0,0,90,0,0,0,0,0,0,0,0,161,93,0,0,0,0,0,0,0,0,0,0,0,222,0,0,0,0,0,0,0,156,0,0,0,0,0,0,0,0,488,0,182,0,0,0,0,0,0,0,0,0,0,0,0,0,0,0,0,0,73,0,0,0,0,0,0,0,0,0,0,0,0,0,0,0,0,0,28,0,0,0,0,0,0,0,0,0,0,0,0,0,0,0,0,0,0,0,125,0,0,0,0,0,0,38,0,0,0,0,0,0,0,0,0,0,0,0,0,0,0,0,0,0,0,20,0,0,0,50,0,0,0,0,0,0,45,10,0,0,0,0,0,0,0,0,0,0,0,0,0,0,0,0
865.6,0,0,0,0,0,0,21,302,0,0,0,0,0,0,0,0,0,0,0,0,0,173,0,0,0,1476,0,0,0,0,0,0,0,0,0,106,0,0,0,0,0,0,0,0,23,17,0,0,0,104,0,113,0,0,0,0,0,303,144,57,0,0,0,0,0,0,0,0,0,0,0,0,0,0,0,0,0,0,0,0,0,534,0,0,0,0,0,0,419,0,77,0,0,0,0,0,0,0,0,0,0,0,0,0,0,0,0,0,65,0,0,0,28,0,0,0,0,0,0,0,0,0,0,0,0,0,21,0,0,0,0,0,0,0,0,0,0,0,0,139,0,0,0,0,0,0,0,0,0,0,0,0,0,0,0,0,0,11,0,0,0,0,0,0,0,0,0,0,0,0,0,0,0,17,0,0,0,0,0,0,0,0,0,0,0,0,81,15,32,10,15,0,0,0,0,0,0,0,0,0,0,0
900.5,0,0,0,0,0,0,0,0,0,0,0,0,0,0,0,0,0,0,0,0,0,14,0,0,0,1175,0,0,74,0,0,0,0,0,0,0,0,0,0,0,0,0,0,0,0,145,0,133,21,0,52,61,0,0,0,0,0,0,0,0,0,0,0,0,0,0,0,0,0,0,0,0,0,0,0,0,0,0,0,0,0,0,0,0,0,0,0,0,193,0,0,0,0,0,0,0,0,0,0,12,0,0,0,0,0,0,0,0,0,35,0,0,0,0,0,0,0,0,0,0,0,10,0,0,0,0,0,0,0,22,0,0,0,0,0,0,0,0,0,0,0,0,0,0,0,0,0,31,0,0,0,0,0,0,0,0,0,0,0,0,0,0,0,0,0,0,0,0,0,0,0,0,0,0,0,0,0,0,0,0,0,0,0,0,0,0,0,0,0,0,0,87,25,10,37,12,10,16,0,0,0,0
966.1,39,0,0,0,0,0,0,376,0,0,0,0,0,0,0,27,0,0,0,0,0,0,0,0,0,968,0,0,0,0,0,0,0,0,0,426,0,0,0,0,0,0,0,0,0,0,0,0,0,0,0,91,0,0,0,0,0,213,157,0,0,113,63,0,0,0,0,0,0,0,0,0,0,0,0,0,0,0,0,17,0,0,0,0,0,0,0,0,290,0,0,0,0,0,0,0,0,0,0,17,0,0,0,0,0,0,0,0,0,0,0,0,0,0,0,0,0,0,0,94,0,0,0,0,0,0,0,0,0,0,0,0,0,0,0,0,0,0,0,0,0,0,0,0,0,0,0,0,0,0,0,0,0,0,0,0,0,0,0,0,0,0,0,0,0,0,0,0,0,0,0,0,0,0,0,0,23,0,0,0,0,0,0,0,0,0,0,0,0,0,0,0,0,0,0,0,0,0,0,0,0,0
1003.8,0,0,0,0,0,0,0,0,0,0,0,0,0,0,0,0,0,0,0,0,0,0,0,52,0,91,0,0,0,0,0,0,0,0,0,0,0,0,0,0,0,0,0,0,0,0,0,0,0,0,0,0,0,0,0,0,0,0,109,0,0,52,0,0,0,0,0,0,0,0,0,0,0,0,0,0,0,0,0,0,0,0,0,0,0,0,0,0,819,0,0,0,0,0,0,0,0,0,0,0,0,0,0,0,0,0,0,0,82,0,0,0,0,0,0,0,0,0,0,0,0,0,0,0,0,0,0,0,0,0,0,0,0,0,0,0,0,0,0,0,0,0,0,0,0,0,0,0,0,0,0,0,0,0,0,0,0,0,0,0,0,0,0,0,0,0,0,0,0,0,0,0,0,0,0,0,0,0,0,0,0,0,0,0,0,0,0,0,0,0,0,0,0,0,0,0,0,0,0,0,0,0
1043.8,0,0,0,0,0,0,0,459,0,0,0,0,0,0,0,40,0,0,0,0,0,0,78,0,0,273,0,0,0,0,0,0,0,0,0,0,0,0,0,0,0,0,0,0,0,0,0,0,0,0,0,0,0,0,0,0,0,0,108,0,0,0,0,0,0,0,0,0,0,0,0,0,0,0,0,0,0,0,0,0,0,0,0,0,0,0,0,0,773,0,0,0,0,0,0,0,0,0,0,0,0,0,0,0,0,0,36,0,0,0,0,0,0,0,0,0,0,0,0,0,0,0,0,0,0,0,0,0,0,0,0,0,0,0,0,0,0,0,0,0,0,0,0,0,0,0,0,0,0,0,0,0,0,0,0,0,0,0,54,0,0,0,0,0,0,0,0,0,0,0,0,0,0,0,0,0,0,0,0,0,0,0,0,0,0,0,0,0,0,0,0,0,0,0,0,0,0,0,11,30,0,0
1100.5,0,0,0,0,0,0,0,0,0,0,0,0,0,0,0,0,0,0,0,0,0,0,0,0,0,121,0,0,0,0,0,0,0,0,0,0,0,0,0,0,0,0,0,0,0,0,0,0,0,69,0,98,0,0,0,0,0,0,88,0,0,0,49,0,0,0,0,0,0,0,0,0,0,0,0,0,0,0,0,0,0,0,0,0,0,0,0,0,1398,0,0,0,0,0,0,0,0,0,0,0,0,0,0,0,0,0,0,0,67,0,0,0,0,0,0,0,0,0,0,0,70,0,0,0,0,0,0,0,0,0,0,0,0,0,0,0,0,0,0,0,0,0,0,0,0,0,0,0,0,0,0,0,0,0,0,0,0,0,70,0,0,0,0,0,0,0,0,0,0,0,0,0,0,0,0,0,0,0,0,0,0,0,0,0,0,0,0,0,0,0,11,0,0,0,0,0,0,0,0,0,0,0
1179.7,0,0,0,0,0,0,0,0,0,0,0,0,0,0,0,0,0,0,0,0,0,0,0,0,0,0,0,0,0,0,0,0,0,0,0,0,0,0,0,0,0,0,0,0,0,0,0,0,0,0,0,0,0,0,0,0,0,0,0,0,0,0,0,0,0,0,0,0,0,0,0,0,0,0,0,0,0,0,0,0,0,0,0,0,0,1641,0,0,0,686,0,0,0,0,0,0,0,0,0,0,0,0,0,0,0,0,0,0,0,0,0,0,0,0,0,0,0,0,0,0,0,0,0,0,0,0,0,0,0,0,0,0,0,0,0,0,0,0,0,0,0,0,0,0,0,0,0,0,0,0,0,0,0,0,0,0,0,0,0,0,0,0,0,0,0,0,0,0,0,0,0,0,0,0,0,0,0,0,0,0,0,0,0,0,0,0,0,0,0,0,0,0,0,0,0,0,0,0,0,0,0,0
1283.8,0,0,0,0,0,0,0,0,0,0,0,0,0,55,0,0,0,0,0,0,0,0,0,0,14,0,0,0,0,0,0,0,0,0,0,0,0,0,0,0,0,0,0,0,0,0,0,0,0,0,0,0,0,0,0,0,0,0,0,0,0,0,0,0,0,0,0,0,0,0,0,0,0,0,0,0,0,0,0,0,0,0,0,0,0,50,0,0,0,0,0,0,0,0,0,0,0,0,0,0,0,0,0,0,0,0,0,0,0,0,0,0,0,0,0,0,0,0,0,0,0,0,0,0,0,0,0,0,0,0,0,0,0,0,0,0,0,0,0,0,0,0,0,0,0,0,0,0,0,0,0,0,0,0,0,0,0,0,0,0,0,0,0,0,0,0,0,0,0,0,0,0,0,0,0,0,110,0,0,0,0,0,0,0,0,0,0,0,0,0,0,0,0,0,0,0,0,0,0,0,148,66
